{
  "calendars": [
    {
      "id": "cal-work",
      "name": "Work",
      "color": "blue",
      "isDefault": true,
      "isVisible": true
    },
    {
      "id": "cal-personal",
      "name": "Personal",
      "color": "green",
      "isDefault": false,
      "isVisible": true
    },
    {
      "id": "cal-family",
      "name": "Family",
      "color": "purple",
      "isDefault": false,
      "isVisible": true
    },
    {
      "id": "cal-health",
      "name": "Health & Fitness",
      "color": "orange",
      "isDefault": false,
      "isVisible": true
    }
  ],
  "events": [
    {
      "id": "evt-1",
      "title": "Team Standup",
      "description": "Daily sync with the engineering team",
      "startTime": "2025-11-29T09:00:00.000-05:00",
      "endTime": "2025-11-29T09:30:00.000-05:00",
      "timezone": "America/New_York",
      "isAllDay": false,
      "calendarId": "cal-work",
      "location": "Conference Room A",
      "recurrence": {
        "frequency": "weekly",
        "interval": 1,
        "byDay": [0, 1, 2, 3, 4]
      },
      "videoCall": {
        "provider": "zoom",
        "link": "https://zoom.us/j/123456789"
      }
    },
    {
      "id": "evt-2",
      "title": "Product Review",
      "description": "Weekly product review with stakeholders",
      "startTime": "2025-11-29T14:00:00.000-05:00",
      "endTime": "2025-11-29T15:30:00.000-05:00",
      "timezone": "America/New_York",
      "isAllDay": false,
      "calendarId": "cal-work",
      "location": "Main Conference Room",
      "videoCall": {
        "provider": "google_meet",
        "link": "https://meet.google.com/abc-defg-hij"
      }
    },
    {
      "id": "evt-3",
      "title": "Gym Session",
      "description": "Strength training workout",
      "startTime": "2025-11-29T06:00:00.000-05:00",
      "endTime": "2025-11-29T07:00:00.000-05:00",
      "timezone": "America/New_York",
      "isAllDay": false,
      "calendarId": "cal-health",
      "location": "FitLife Gym",
      "recurrence": {
        "frequency": "weekly",
        "interval": 1,
        "byDay": [0, 2, 4]
      },
      "travelTime": {
        "minutes": 15,
        "mode": "driving"
      }
    },
    {
      "id": "evt-4",
      "title": "Family Dinner",
      "description": "Weekly dinner with the family",
      "startTime": "2025-11-30T18:00:00.000-05:00",
      "endTime": "2025-11-30T20:00:00.000-05:00",
      "timezone": "America/New_York",
      "isAllDay": false,
      "calendarId": "cal-family",
      "location": "Mom's House"
    },
    {
      "id": "evt-5",
      "title": "Project Deadline",
      "description": "Final submission for Q4 project",
      "startTime": "2025-12-01T00:00:00.000-05:00",
      "endTime": "2025-12-01T23:59:59.000-05:00",
      "timezone": "America/New_York",
      "isAllDay": true,
      "calendarId": "cal-work"
    },
    {
      "id": "evt-6",
      "title": "Dentist Appointment",
      "description": "Regular checkup",
      "startTime": "2025-12-02T10:00:00.000-05:00",
      "endTime": "2025-12-02T11:00:00.000-05:00",
      "timezone": "America/New_York",
      "isAllDay": false,
      "calendarId": "cal-health",
      "location": "Dr. Smith's Office",
      "travelTime": {
        "minutes": 20,
        "mode": "driving"
      }
    },
    {
      "id": "evt-7",
      "title": "1:1 with Manager",
      "description": "Weekly one-on-one meeting",
      "startTime": "2025-11-29T11:00:00.000-05:00",
      "endTime": "2025-11-29T11:30:00.000-05:00",
      "timezone": "America/New_York",
      "isAllDay": false,
      "calendarId": "cal-work",
      "recurrence": {
        "frequency": "weekly",
        "interval": 1,
        "byDay": [4]
      },
      "videoCall": {
        "provider": "teams",
        "link": "https://teams.microsoft.com/l/meetup-join/..."
      }
    },
    {
      "id": "evt-8",
      "title": "Book Club Meeting",
      "description": "Discussing 'The Midnight Library'",
      "startTime": "2025-12-03T19:00:00.000-05:00",
      "endTime": "2025-12-03T21:00:00.000-05:00",
      "timezone": "America/New_York",
      "isAllDay": false,
      "calendarId": "cal-personal",
      "location": "Local Library"
    },
    {
      "id": "evt-9",
      "title": "Sprint Planning",
      "description": "Plan next sprint tasks",
      "startTime": "2025-12-02T13:00:00.000-05:00",
      "endTime": "2025-12-02T15:00:00.000-05:00",
      "timezone": "America/New_York",
      "isAllDay": false,
      "calendarId": "cal-work",
      "recurrence": {
        "frequency": "weekly",
        "interval": 2,
        "byDay": [0]
      },
      "videoCall": {
        "provider": "zoom",
        "link": "https://zoom.us/j/987654321"
      }
    },
    {
      "id": "evt-10",
      "title": "Date Night",
      "description": "Dinner and movie with partner",
      "startTime": "2025-12-04T18:00:00.000-05:00",
      "endTime": "2025-12-04T22:00:00.000-05:00",
      "timezone": "America/New_York",
      "isAllDay": false,
      "calendarId": "cal-personal",
      "location": "Downtown Restaurant"
    }
  ],
  "tasks": [
    {
      "id": "task-1",
      "title": "Review Q4 reports",
      "dueDate": "2025-12-01",
      "priority": "high",
      "isCompleted": false,
      "estimatedMinutes": 60
    },
    {
      "id": "task-2",
      "title": "Prepare presentation slides",
      "dueDate": "2025-11-30",
      "priority": "high",
      "isCompleted": false,
      "estimatedMinutes": 90
    },
    {
      "id": "task-3",
      "title": "Buy groceries",
      "dueDate": "2025-11-29",
      "priority": "medium",
      "isCompleted": false,
      "estimatedMinutes": 45
    },
    {
      "id": "task-4",
      "title": "Schedule car service",
      "priority": "low",
      "isCompleted": false,
      "estimatedMinutes": 15
    },
    {
      "id": "task-5",
      "title": "Call mom",
      "dueDate": "2025-11-30",
      "priority": "medium",
      "isCompleted": true,
      "estimatedMinutes": 30
    }
  ]
}
