{
  "calendars": [
    {
      "id": "cal-work",
      "name": "Work",
      "color": "blue",
      "isVisible": true,
      "isDefault": true
    },
    {
      "id": "cal-personal",
      "name": "Personal",
      "color": "green",
      "isVisible": true,
      "isDefault": false
    },
    {
      "id": "cal-tasks",
      "name": "Tasks",
      "color": "purple",
      "isVisible": true,
      "isDefault": false
    }
  ],
  "events": [
    {
      "id": "evt-1",
      "title": "Team Standup",
      "description": "Daily team sync meeting",
      "startTime": "2024-12-02T09:00:00",
      "endTime": "2024-12-02T09:30:00",
      "timezone": "America/New_York",
      "isAllDay": false,
      "calendarId": "cal-work",
      "recurrence": {
        "frequency": "daily",
        "interval": 1,
        "count": 30
      },
      "videoCall": {
        "provider": "zoom",
        "link": "https://zoom.us/j/123456789"
      }
    },
    {
      "id": "evt-2",
      "title": "Client Meeting - Tokyo Office",
      "description": "Quarterly review with Tokyo clients",
      "startTime": "2024-12-03T22:00:00",
      "endTime": "2024-12-03T23:30:00",
      "timezone": "Asia/Tokyo",
      "isAllDay": false,
      "calendarId": "cal-work",
      "travelTime": {
        "minutes": 30,
        "location": "Virtual - Tokyo timezone"
      },
      "videoCall": {
        "provider": "meet",
        "link": "https://meet.google.com/abc-defg-hij"
      }
    },
    {
      "id": "evt-3",
      "title": "Product Launch Planning",
      "description": "Sprint planning for Q1 product launch",
      "startTime": "2024-12-04T14:00:00",
      "endTime": "2024-12-04T16:00:00",
      "timezone": "America/New_York",
      "isAllDay": false,
      "calendarId": "cal-work",
      "travelTime": {
        "minutes": 15,
        "location": "Conference Room B"
      },
      "location": "Conference Room B, 3rd Floor"
    },
    {
      "id": "evt-4",
      "title": "Weekly Team Retrospective",
      "description": "Review what went well and areas for improvement",
      "startTime": "2024-12-06T15:00:00",
      "endTime": "2024-12-06T16:00:00",
      "timezone": "America/New_York",
      "isAllDay": false,
      "calendarId": "cal-work",
      "recurrence": {
        "frequency": "weekly",
        "interval": 1,
        "byDay": [5]
      },
      "videoCall": {
        "provider": "teams",
        "link": "https://teams.microsoft.com/l/meetup-join/123"
      }
    },
    {
      "id": "evt-5",
      "title": "Company All-Hands",
      "description": "Monthly all-hands meeting",
      "startTime": "2024-12-05T11:00:00",
      "endTime": "2024-12-05T12:00:00",
      "timezone": "America/New_York",
      "isAllDay": false,
      "calendarId": "cal-work",
      "recurrence": {
        "frequency": "monthly",
        "interval": 1
      },
      "videoCall": {
        "provider": "zoom",
        "link": "https://zoom.us/j/987654321"
      }
    },
    {
      "id": "evt-6",
      "title": "Winter Holiday Break",
      "description": "Office closed for winter holidays",
      "startTime": "2024-12-23T00:00:00",
      "endTime": "2024-12-27T23:59:59",
      "timezone": "America/New_York",
      "isAllDay": true,
      "calendarId": "cal-work"
    },
    {
      "id": "evt-7",
      "title": "Gym Session",
      "description": "Morning workout routine",
      "startTime": "2024-12-02T06:30:00",
      "endTime": "2024-12-02T07:30:00",
      "timezone": "America/New_York",
      "isAllDay": false,
      "calendarId": "cal-personal",
      "recurrence": {
        "frequency": "weekly",
        "interval": 1,
        "byDay": [1, 3, 5]
      }
    },
    {
      "id": "evt-8",
      "title": "Dentist Appointment",
      "description": "Regular checkup",
      "startTime": "2024-12-10T10:00:00",
      "endTime": "2024-12-10T11:00:00",
      "timezone": "America/New_York",
      "isAllDay": false,
      "calendarId": "cal-personal",
      "travelTime": {
        "minutes": 30,
        "location": "Dr. Smith's Office"
      },
      "location": "123 Main St, Suite 200"
    },
    {
      "id": "evt-9",
      "title": "Birthday Party - Sarah",
      "description": "Surprise birthday celebration",
      "startTime": "2024-12-14T18:00:00",
      "endTime": "2024-12-14T22:00:00",
      "timezone": "America/New_York",
      "isAllDay": false,
      "calendarId": "cal-personal",
      "location": "The Garden Restaurant"
    },
    {
      "id": "evt-10",
      "title": "London Conference Call",
      "description": "Partnership discussion with UK team",
      "startTime": "2024-12-05T08:00:00",
      "endTime": "2024-12-05T09:00:00",
      "timezone": "Europe/London",
      "isAllDay": false,
      "calendarId": "cal-work",
      "videoCall": {
        "provider": "meet",
        "link": "https://meet.google.com/xyz-uvwx-abc"
      }
    },
    {
      "id": "evt-11",
      "title": "Deep Work Block",
      "description": "Focus time - no meetings",
      "startTime": "2024-12-03T09:00:00",
      "endTime": "2024-12-03T12:00:00",
      "timezone": "America/New_York",
      "isAllDay": false,
      "calendarId": "cal-work"
    },
    {
      "id": "evt-12",
      "title": "Design Review",
      "description": "Review new UI mockups with design team",
      "startTime": "2024-12-04T10:00:00",
      "endTime": "2024-12-04T11:30:00",
      "timezone": "America/New_York",
      "isAllDay": false,
      "calendarId": "cal-work",
      "videoCall": {
        "provider": "zoom",
        "link": "https://zoom.us/j/111222333"
      }
    },
    {
      "id": "evt-13",
      "title": "India Team Sync",
      "description": "Weekly sync with Bangalore development team",
      "startTime": "2024-12-04T08:30:00",
      "endTime": "2024-12-04T09:30:00",
      "timezone": "Asia/Kolkata",
      "isAllDay": false,
      "calendarId": "cal-work",
      "recurrence": {
        "frequency": "weekly",
        "interval": 1,
        "byDay": [3]
      },
      "videoCall": {
        "provider": "teams",
        "link": "https://teams.microsoft.com/l/meetup-join/456"
      }
    },
    {
      "id": "evt-14",
      "title": "Weekend Trip",
      "description": "Mountain cabin getaway",
      "startTime": "2024-12-20T00:00:00",
      "endTime": "2024-12-22T23:59:59",
      "timezone": "America/New_York",
      "isAllDay": true,
      "calendarId": "cal-personal"
    }
  ],
  "tasks": [
    {
      "id": "task-1",
      "title": "Prepare Q4 Report",
      "description": "Compile quarterly metrics and analysis",
      "dueDate": "2024-12-15T17:00:00",
      "isCompleted": false,
      "calendarId": "cal-tasks",
      "priority": "high"
    },
    {
      "id": "task-2",
      "title": "Review PR #456",
      "description": "Code review for authentication feature",
      "dueDate": "2024-12-05T12:00:00",
      "isCompleted": false,
      "calendarId": "cal-tasks",
      "priority": "medium"
    },
    {
      "id": "task-3",
      "title": "Update documentation",
      "description": "Add API documentation for new endpoints",
      "dueDate": "2024-12-10T17:00:00",
      "isCompleted": false,
      "calendarId": "cal-tasks",
      "priority": "low"
    }
  ]
}
